Job Titles,Company Names,Location,Qualifications
C/C Developers Jobs Opening in LG Soft India at BangaloreLess,LG Soft India,Bangalore,"BE/B.Tech(CSE, ECE, IT...),ME/M.Tech(CSE, IT, Information Security)"
"Java Developer Appxtend Jobs Opening in Zycus Infotech at Bangalore, Mumbai, PuneLess",Zycus Infotech,Bangalore,"BE/B.Tech(CSE, ECE, IT), MCA, ME/M.Tech(CSE, ECE, IT)"
Java Developers / Manual Testing Jobs Opening in LG Soft India at BangaloreLess,LG Soft India,Mumbai,"BCA, BE/B.Tech(CSE, ECE, IT...),BSc(CS, IT, Engg.)"
Software Engineer Jobs Opening in CARBYNETECH at HyderabadLess,CARBYNETECH,Pune,"BCA, BE/B.Tech(CSE, IT), MCA, ME/M.Tech(CSE, IT)"
Front-End Web Developer Jobs Opening in Caliper Business Solutions Pvt. Ltd. at BangaloreLess,Caliper Business Solutions Pvt. Ltd.,Bangalore,"BCA, BE/B.Tech"
Technical Support Engineer Jobs Opening in EClinicalWorks at AhmedabadLess,EClinicalWorks,Hyderabad,"BCA, BE/B.Tech(CSE, IT), BSc(IT), MCA"
Software Engineering Intern/Associate Software Engineer Jobs Opening in CelebAI Technologies Pvt Ltd at DelhiLess,CelebAI Technologies Pvt Ltd,Bangalore,"BE/B.Tech(CSE, IT), ME/M.Tech(CSE, IT)"
Testing QA Jobs Opening in Micro Focus Software India Pvt. Ltd at BangaloreLess,Micro Focus Software India Pvt. Ltd,Ahmedabad,BE/B.Tech(CSE)
Engineer Trainee Jobs Opening in Successive Digital at NoidaLess,Successive Digital,Delhi,"BCA, BE/B.Tech(CSE, IT), MCA, ME/M.Tech(CSE, IT)"
Linux C Developer Jobs Opening in IQnext at BangaloreLess,IQnext,Bangalore,"BE/B.Tech, ME/M.Tech"
Software Developer Jobs Opening in Welspun Transformation Services Limited at AhmedabadLess,Welspun Transformation Services Limited,Noida,"BCA, BE/B.Tech, MCA, ME/M.Tech"
Java Developer Jobs Opening in Agrosperity Tech Solutions Private Limited KiVi at ChennaiLess,Agrosperity Tech Solutions Private Limited KiVi,Bangalore,"BCA, BE/B.Tech, MCA, ME/M.Tech"
QA Engineer Intern Jobs Opening in Nimesa Technologies at BangaloreLess,Nimesa Technologies,Ahmedabad,"BCA, BE/B.Tech, MCA, ME/M.Tech"
Full Stack Engineer Jobs Opening in Humanitics Dimensions Software Pvt. Ltd at BangaloreLess,Humanitics Dimensions Software Pvt. Ltd,Chennai,"BE/B.Tech(CSE, EEE, ECE...),MCA"
Trainee Engineer Jobs Opening in Toshiba at BangaloreLess,Toshiba,Bangalore,"BE/B.Tech(CSE, ECE, IT), MCA, ME/M.Tech(CSE, ECE, IT)"
Associate Software Engineer Jobs Opening in Briskminds Software Solutions Pvt. Ltd. at JaipurLess,Briskminds Software Solutions Pvt. Ltd.,Bangalore,"BCA, BE/B.Tech(CSE, EEE, ECE...),MCA"
"Software Engineer Intern Jobs Opening in Mediology Software Pvt. Ltd. at Gurgaon, Noida, DelhiLess",Mediology Software Pvt. Ltd.,Bangalore,"BE/B.Tech(CSE, IT), MCA"
Software Quality Engineer Jobs Opening in Hexaview Technologies at NoidaLess,Hexaview Technologies,Jaipur,"BCA, BE/B.Tech, MCA, ME/M.Tech"
Junior Software Developer Jobs Opening in IESoft Technologies Private Limited. at Across IndiaLess,IESoft Technologies Private Limited.,Delhi,"BCA, BE/B.Tech(CSE), ME/M.Tech(CSE)"
"Software Engineer Trainee Jobs Opening in MountBlue Technologies Pvt Ltd. at Gurgaon, Bangalore, MumbaiLess",MountBlue Technologies Pvt Ltd.,Gurgaon,"BE/B.Tech, MCA, ME/M.Tech"
Python Developer Jobs Opening in Odisoft Technology Private Limited at Across IndiaLess,Odisoft Technology Private Limited,Noida,"BCA, BE/B.Tech, MCA, ME/M.Tech"
React JS Developer Jobs Opening in Maitretech at BhopalLess,Maitretech,Noida,"BE/B.Tech(CSE, IT), MCA, ME/M.Tech(CSE, IT)"
Java Developer Jobs Opening in Amiti Software Technologies Pvt. Ltd. at BangaloreLess,Amiti Software Technologies Pvt. Ltd.,Hyderabad,"BCA, BSc(CS, IT), MCA, MSc(CS, IT)"
React.JS Developer Jobs Opening in VidyutTech Services Private Limited at BangaloreLess,VidyutTech Services Private Limited,Delhi,"BCA, BE/B.Tech, MCA, ME/M.Tech"
Software Engineer Jobs Opening in EsyConnect at Across IndiaLess,EsyConnect,Gurgaon,"BE/B.Tech(CSE, EEE, ECE...),BSc(CS, IT)"
Game Developer Jobs Opening in Yug Metaverse at LucknowLess,Yug Metaverse,Bhopal,BE/B.Tech
Linux C Developer Jobs Opening in IQnext at BangaloreLess,IQnext,Bangalore,BE/B.Tech
Flutter App Developer Jobs Opening in Trade Brains at BangaloreLess,Trade Brains,Bangalore,BE/B.Tech
Product Technical Analyst Jobs Opening in Zycus Infotech Pvt Ltd at MumbaiLess,Zycus Infotech Pvt Ltd,Lucknow,"BE/B.Tech, MBA/PGDM"
